"","Transition","Peptide","Protein","SD","Mean","cv"
"1","AAQDNGLLTDVLAYK y3","AAQDNGLLTDVLAYK","Trifunctional",31683.9666972826,60893.83,0.520314893927391
"2","AAQDNGLLTDVLAYK y7","AAQDNGLLTDVLAYK","Trifunctional",47136.1369760847,87621.035,0.537954578784475
"3","AAQDNGLLTDVLAYK y8","AAQDNGLLTDVLAYK","Trifunctional",78038.047343474,143026.196078431,0.545620658894404
"4","AGELGGSDPDYAMR y10","AGELGGSDPDYAMR","Catalase",464551.591438727,693645.81372549,0.669724493749447
"5","AGELGGSDPDYAMR y4","AGELGGSDPDYAMR","Catalase",135171.398232086,193895.137254902,0.697136607682867
"6","AGELGGSDPDYAMR y6","AGELGGSDPDYAMR","Catalase",748983.293390098,1137706.62745098,0.658327265850764
"7","ALELGLKPK y3","ALELGLKPK","Trifunctional",19104.0688221617,33956.8736842105,0.562597988254872
"8","ALELGLKPK y5","ALELGLKPK","Trifunctional",99446.3510901718,172656.292929293,0.575978722831131
"9","ALELGLKPK y6","ALELGLKPK","Trifunctional",96413.6085961128,171817.681818182,0.561139037471929
"10","ALFIIDDK y3","ALFIIDDK","Peroxiredoxin-1",159709.483553459,345402.568627451,0.462386496394939
"11","ALFIIDDK y4","ALFIIDDK","Peroxiredoxin-1",596035.745041012,1352582.625,0.440664942772729
"12","ALFIIDDK y5","ALFIIDDK","Peroxiredoxin-1",519141.960956417,1286453.95098039,0.403544923283717
"13","APGLPAQIK y4","APGLPAQIK","Arachidonate",94417.4389773896,143702.165,0.657035605395295
"14","APGLPAQIK y5","APGLPAQIK","Arachidonate",4728795.04875638,7629047.6969697,0.619840802756377
"15","APGLPAQIK y6","APGLPAQIK","Arachidonate",257190.581448823,439820.53030303,0.584762565020833
"16","APNSFNLR y3","APNSFNLR","Glycogen",132528.716041239,261338.757575758,0.507114663246307
"17","APNSFNLR y4","APNSFNLR","Glycogen",204361.93196412,454792.406862745,0.449352119517237
"18","APNSFNLR y5","APNSFNLR","Glycogen",454995.004399269,989678.514705882,0.459740206176434
"19","DNVVVIGFFK y5","DNVVVIGFFK","PDI",512866.80090253,934638.495098039,0.5487328026744
"20","DNVVVIGFFK y6","DNVVVIGFFK","PDI",1895156.68865521,3478858.21078431,0.544763992616975
"21","DNVVVIGFFK y7","DNVVVIGFFK","PDI",2515469.47753761,4772748.39215686,0.527048415473006
"22","DSSTMGYMAAK y6","DSSTMGYMAAK","HSP90-alpha",989647.321316196,1484001.955,0.66687737033082
"23","DSSTMGYMAAK y7","DSSTMGYMAAK","HSP90-alpha",906901.098898746,1372101.89,0.660957546599361
"24","DSSTMGYMAAK y8","DSSTMGYMAAK","HSP90-alpha",555358.879162356,871678.549019608,0.637114312136025
"25","EVVQSSAFVER y6","EVVQSSAFVER","HSP90-alpha",843571.245349745,1491027.2745098,0.565765133724386
"26","EVVQSSAFVER y7","EVVQSSAFVER","HSP90-alpha",3255706.9078375,5890405.75,0.552713521956871
"27","EVVQSSAFVER y8","EVVQSSAFVER","HSP90-alpha",1805168.89567731,3431136.34313725,0.526114008639701
"28","GLGLGGVPGQNGK y6","GLGLGGVPGQNGK","Arachidonate",783649.412312994,1692413.82843137,0.463036521652228
"29","GLGLGGVPGQNGK y8","GLGLGGVPGQNGK","Arachidonate",130326.218299908,286382.745098039,0.455077062185755
"30","GLGLGGVPGQNGK y9","GLGLGGVPGQNGK","Arachidonate",569822.41976039,1271190.96078431,0.448258709618903
"31","GVVDSEDLPLNISR y6","GVVDSEDLPLNISR","HSP90-alpha",4059216.41053988,7357490.66176471,0.55171207102372
"32","GVVDSEDLPLNISR y7","GVVDSEDLPLNISR","HSP90-alpha",1290001.94518141,2331988.26960784,0.553176858560418
"33","IITRPFNVNGLLAYDSR y4","IITRPFNVNGLLAYDSR","Cytochrome",29511.8173689833,63728.0757575758,0.463089729576136
"34","IITRPFNVNGLLAYDSR y5","IITRPFNVNGLLAYDSR","Cytochrome",130614.205655129,259829.299019608,0.50269236821238
"35","IITRPFNVNGLLAYDSR y6","IITRPFNVNGLLAYDSR","Cytochrome",139016.736000463,271076.946078431,0.51283127544251
"36","LLDQVWPDLR y4","LLDQVWPDLR","Sodium/potassium-transporting",56956.1522527681,135994.509803922,0.418812144217352
"37","LLDQVWPDLR y5","LLDQVWPDLR","Sodium/potassium-transporting",146808.204065495,337246.754901961,0.435313911643636
"38","LLDQVWPDLR y6","LLDQVWPDLR","Sodium/potassium-transporting",57536.175355456,131546.303921569,0.437383443245662
"39","LNSGSVGVYR y4","LNSGSVGVYR","Puromycin-sensitive",266043.4438757,525243.180851064,0.506514798430365
"40","LNSGSVGVYR y5","LNSGSVGVYR","Puromycin-sensitive",191552.559318012,379015.888297872,0.505394536831313
"41","LNSGSVGVYR y7","LNSGSVGVYR","Puromycin-sensitive",268401.94848259,546067.175531915,0.491518187704918
"42","LTANIAGHLIGAQEFIQK y3","LTANIAGHLIGAQEFIQK","Catalase",40529.5981763561,89216.7575757576,0.454282348716168
"43","LTANIAGHLIGAQEFIQK y8","LTANIAGHLIGAQEFIQK","Catalase",61699.0812318358,143558.446078431,0.429783707732022
"44","LTANIAGHLIGAQEFIQK y9","LTANIAGHLIGAQEFIQK","Catalase",48644.1501975586,113210.287878788,0.429679591042476
"45","LYSYSDTHR y3","LYSYSDTHR","Catalase",35064.0178072745,61569.7469879518,0.569500761699345
"46","LYSYSDTHR y5","LYSYSDTHR","Catalase",65934.0544852177,108110.425287356,0.609876931942185
"47","LYSYSDTHR y6","LYSYSDTHR","Catalase",56506.8262697273,101767.794117647,0.555252540940443
"48","MDSTANEVEDVK y5","MDSTANEVEDVK","PDI",234362.198262281,432805.016483516,0.541496030167216
"49","MDSTANEVEDVK y7","MDSTANEVEDVK","PDI",587298.067639101,1087648.73595506,0.539970349088301
"50","MDSTANEVEDVK y8","MDSTANEVEDVK","PDI",602775.433022117,1148109.0989011,0.525015813914425
"51","MDVEGTLPEDLK y5","MDVEGTLPEDLK","Arachidonate",657990.313815561,1099477.32352941,0.598457375822321
"52","MDVEGTLPEDLK y8","MDVEGTLPEDLK","Arachidonate",777890.339503924,1306271.46078431,0.595504351780649
"53","MDVEGTLPEDLK y9","MDVEGTLPEDLK","Arachidonate",464993.513084727,806854.166666667,0.576304284336464
"54","NAVVTVPAYFNDAQR y11","NAVVTVPAYFNDAQR","HSP70",179245.514906417,350128.289215686,0.51194239490885
"55","NAVVTVPAYFNDAQR y12","NAVVTVPAYFNDAQR","HSP70",86893.6390100461,172649.681372549,0.503294522869951
"56","NAVVTVPAYFNDAQR y9","NAVVTVPAYFNDAQR","HSP70",1516420.52589475,3033007.45588235,0.499972567806825
"57","QSLLPFGATGPR y11","QSLLPFGATGPR","Cytochrome",36373.0129379706,67543.2258064516,0.538514595707928
"58","QSLLPFGATGPR y6","QSLLPFGATGPR","Cytochrome",36373.0129379706,67543.2258064516,0.538514595707928
"59","QSLLPFGATGPR y7","QSLLPFGATGPR","Cytochrome",38923.1972371129,65742.68,0.592053704490186
"60","QSLLPFGATGPR y8","QSLLPFGATGPR","Cytochrome",841181.055003142,1441730.26767677,0.583452448673799
"61","SIQQSVENIR y4","SIQQSVENIR","Puromycin-sensitive",291336.38466022,504549.612745098,0.577418706309472
"62","SIQQSVENIR y6","SIQQSVENIR","Puromycin-sensitive",580156.050686026,1002492.60294118,0.578713547595192
"63","SIQQSVENIR y7","SIQQSVENIR","Puromycin-sensitive",548169.609274636,983120.06372549,0.55758155031174
"64","SLTENFVTEEQAK y4","SLTENFVTEEQAK","Puromycin-sensitive",38617.3287346221,84929.3774509804,0.454699303040474
"65","SLTENFVTEEQAK y6","SLTENFVTEEQAK","Puromycin-sensitive",200878.458274897,439132.666666667,0.457443669130126
"66","SLTENFVTEEQAK y7","SLTENFVTEEQAK","Puromycin-sensitive",193551.662119135,420662.578431373,0.460111433826317
"67","STIGVEFATR y4","STIGVEFATR","Ras-related",125025.220050147,246971.573529412,0.506233240787358
"68","STIGVEFATR y5","STIGVEFATR","Ras-related",405853.376080515,813042.220588235,0.499178721354569
"69","STIGVEFATR y7","STIGVEFATR","Ras-related",876042.863004043,1737198.92647059,0.50428471354393
"70","THGAPTDEER y3","THGAPTDEER","Superoxide",10387.7267329267,21771.66,0.477121484210513
"71","THGAPTDEER y6","THGAPTDEER","Superoxide",42730.3306921884,91932.85,0.464799369237312
"72","THGAPTDEER y7","THGAPTDEER","Superoxide",12901.8781562047,28809.04,0.447841308013202
"73","TIVVHADVDDLGK y8","TIVVHADVDDLGK","Superoxide",137430.900727843,202118.833333333,0.679950989530961
"74","TIVVHADVDDLGK y9","TIVVHADVDDLGK","Superoxide",204511.085048453,310626.065656566,0.658383528169733
"75","TSFDAFPDK y3","TSFDAFPDK","Glycogen",301559.422470031,634086.024509804,0.475581247360182
"76","TSFDAFPDK y5","TSFDAFPDK","Glycogen",183915.278832582,384914.740196078,0.477807835415433
"77","TSFDAFPDK y6","TSFDAFPDK","Glycogen",297904.073790995,657194.656862745,0.453296554803263
"78","TVIEPMAGDGLR y6","TVIEPMAGDGLR","Sodium/potassium-transporting",20194.8668170482,36233.74,0.557349774465684
"79","TVIEPMAGDGLR y8","TVIEPMAGDGLR","Sodium/potassium-transporting",290508.220235991,499885.392156863,0.581149649087626
"80","TVIEPMAGDGLR y9","TVIEPMAGDGLR","Sodium/potassium-transporting",69218.4477454962,119499.348039216,0.57923703251319
"81","VLYPNDNFFEGK y4","VLYPNDNFFEGK","Glycogen",32413.9106988196,68327.145,0.474392874147158
"82","VLYPNDNFFEGK y8","VLYPNDNFFEGK","Glycogen",60161.4912250024,117458.598039216,0.51219316618198
"83","VLYPNDNFFEGK y9","VLYPNDNFFEGK","Glycogen",502156.411074024,1111845.06862745,0.451642432244562
"84","WLDESGVFLPEEHPSR y4","WLDESGVFLPEEHPSR","Cytochrome",74576.9063987205,129421.475490196,0.576232855608032
"85","WLDESGVFLPEEHPSR y7","WLDESGVFLPEEHPSR","Cytochrome",253720.077648824,450271.019607843,0.563483028221086
"86","WLDESGVFLPEEHPSR y9","WLDESGVFLPEEHPSR","Cytochrome",49700.7400011138,90437.5098039216,0.549558917631307
